# 泻谢邪褋褋;谢懈褌械褉邪;锌芯谢; 袠屑褟;袨褌褔;肖邪屑; 褌械谢;邪写褉;eml

1;1;1;袠屑褟001;袨褌褔001;肖邪屑001;孝械谢001;袗写褉001;袩褔褌001;
1;1;1;袠屑褟002;袨褌褔002;肖邪屑002;孝械谢002;袗写褉002;袩褔褌002;
1;1;1;袠屑褟003;袨褌褔003;肖邪屑003;孝械谢003;袗写褉003;袩褔褌003;
1;1;2;袠屑褟004;袨褌褔004;肖邪屑004;孝械谢004;袗写褉004;袩褔褌004;
1;1;1;袠屑褟005;袨褌褔005;肖邪屑005;孝械谢005;袗写褉005;袩褔褌005;
1;1;1;袠屑褟006;袨褌褔006;肖邪屑006;孝械谢006;袗写褉006;袩褔褌006;
1;1;1;袠屑褟007;袨褌褔007;肖邪屑007;孝械谢007;袗写褉007;袩褔褌007;
1;1;2;袠屑褟008;袨褌褔008;肖邪屑008;孝械谢008;袗写褉008;袩褔褌008;
1;1;1;袠屑褟009;袨褌褔009;肖邪屑009;孝械谢009;袗写褉009;袩褔褌009;
1;1;1;袠屑褟010;袨褌褔010;肖邪屑010;孝械谢010;袗写褉010;袩褔褌010;
1;1;2;袠屑褟011;袨褌褔011;肖邪屑011;孝械谢011;袗写褉011;袩褔褌011;
1;1;1;袠屑褟012;袨褌褔012;肖邪屑012;孝械谢012;袗写褉012;袩褔褌012;
1;1;1;袠屑褟013;袨褌褔013;肖邪屑013;孝械谢013;袗写褉013;袩褔褌013;
1;1;1;袠屑褟014;袨褌褔014;肖邪屑014;孝械谢014;袗写褉014;袩褔褌014;

1;2;1;袠屑褟015;袨褌褔015;肖邪屑015;孝械谢015;袗写褉015;袩褔褌015;
1;2;2;袠屑褟016;袨褌褔016;肖邪屑016;孝械谢016;袗写褉016;袩褔褌016;
1;2;2;袠屑褟017;袨褌褔017;肖邪屑017;孝械谢017;袗写褉017;袩褔褌017;
1;2;1;袠屑褟018;袨褌褔018;肖邪屑018;孝械谢018;袗写褉018;袩褔褌018;
1;2;1;袠屑褟019;袨褌褔019;肖邪屑019;孝械谢019;袗写褉019;袩褔褌019;
1;2;2;袠屑褟020;袨褌褔020;肖邪屑020;孝械谢020;袗写褉020;袩褔褌020;
1;2;2;袠屑褟021;袨褌褔021;肖邪屑021;孝械谢021;袗写褉021;袩褔褌021;
1;2;2;袠屑褟022;袨褌褔022;肖邪屑022;孝械谢022;袗写褉022;袩褔褌022;
1;2;1;袠屑褟023;袨褌褔023;肖邪屑023;孝械谢023;袗写褉023;袩褔褌023;
1;2;1;袠屑褟024;袨褌褔024;肖邪屑024;孝械谢024;袗写褉024;袩褔褌024;
1;2;1;袠屑褟025;袨褌褔025;肖邪屑025;孝械谢025;袗写褉025;袩褔褌025;
1;2;2;袠屑褟026;袨褌褔026;肖邪屑026;孝械谢026;袗写褉026;袩褔褌026;
1;2;2;袠屑褟027;袨褌褔027;肖邪屑027;孝械谢027;袗写褉027;袩褔褌027;
1;2;1;袠屑褟028;袨褌褔028;肖邪屑028;孝械谢028;袗写褉028;袩褔褌028;

1;3;2;袠屑褟029;袨褌褔029;肖邪屑029;孝械谢029;袗写褉029;袩褔褌029;
1;3;2;袠屑褟030;袨褌褔030;肖邪屑030;孝械谢030;袗写褉030;袩褔褌030;
1;3;2;袠屑褟031;袨褌褔031;肖邪屑031;孝械谢031;袗写褉031;袩褔褌031;
1;3;1;袠屑褟032;袨褌褔032;肖邪屑032;孝械谢032;袗写褉032;袩褔褌032;
1;3;1;袠屑褟033;袨褌褔033;肖邪屑033;孝械谢033;袗写褉033;袩褔褌033;
1;3;2;袠屑褟034;袨褌褔034;肖邪屑034;孝械谢034;袗写褉034;袩褔褌034;
1;3;2;袠屑褟035;袨褌褔035;肖邪屑035;孝械谢035;袗写褉035;袩褔褌035;
1;3;1;袠屑褟036;袨褌褔036;肖邪屑036;孝械谢036;袗写褉036;袩褔褌036;
1;3;1;袠屑褟037;袨褌褔037;肖邪屑037;孝械谢037;袗写褉037;袩褔褌037;
1;3;2;袠屑褟038;袨褌褔038;肖邪屑038;孝械谢038;袗写褉038;袩褔褌038;
1;3;2;袠屑褟039;袨褌褔039;肖邪屑039;孝械谢039;袗写褉039;袩褔褌039;
1;3;1;袠屑褟040;袨褌褔040;肖邪屑040;孝械谢040;袗写褉040;袩褔褌040;
1;3;1;袠屑褟041;袨褌褔041;肖邪屑041;孝械谢041;袗写褉041;袩褔褌041;
1;3;2;袠屑褟042;袨褌褔042;肖邪屑042;孝械谢042;袗写褉042;袩褔褌042;
1;3;1;袠屑褟043;袨褌褔043;肖邪屑043;孝械谢043;袗写褉043;袩褔褌043;
1;3;2;袠屑褟044;袨褌褔044;肖邪屑044;孝械谢044;袗写褉044;袩褔褌044;
1;3;1;袠屑褟045;袨褌褔045;肖邪屑045;孝械谢045;袗写褉045;袩褔褌045;
1;3;1;袠屑褟046;袨褌褔046;肖邪屑046;孝械谢046;袗写褉046;袩褔褌046;

2;1;1;袠屑褟047;袨褌褔047;肖邪屑047;孝械谢047;袗写褉047;袩褔褌047;
2;1;2;袠屑褟048;袨褌褔048;肖邪屑048;孝械谢048;袗写褉048;袩褔褌048;
2;1;1;袠屑褟049;袨褌褔049;肖邪屑049;孝械谢049;袗写褉049;袩褔褌049;
2;1;1;袠屑褟050;袨褌褔050;肖邪屑050;孝械谢050;袗写褉050;袩褔褌050;
2;1;1;袠屑褟051;袨褌褔051;肖邪屑051;孝械谢051;袗写褉051;袩褔褌051;
2;1;2;袠屑褟052;袨褌褔052;肖邪屑052;孝械谢052;袗写褉052;袩褔褌052;
2;1;2;袠屑褟053;袨褌褔053;肖邪屑053;孝械谢053;袗写褉053;袩褔褌053;
2;1;2;袠屑褟054;袨褌褔054;肖邪屑054;孝械谢054;袗写褉054;袩褔褌054;
2;1;1;袠屑褟055;袨褌褔055;肖邪屑055;孝械谢055;袗写褉055;袩褔褌055;
2;1;2;袠屑褟056;袨褌褔056;肖邪屑056;孝械谢056;袗写褉056;袩褔褌056;
2;1;1;袠屑褟057;袨褌褔057;肖邪屑057;孝械谢057;袗写褉057;袩褔褌057;
2;1;1;袠屑褟058;袨褌褔058;肖邪屑058;孝械谢058;袗写褉058;袩褔褌058;
2;1;1;袠屑褟059;袨褌褔059;肖邪屑059;孝械谢059;袗写褉059;袩褔褌059;

2;2;2;袠屑褟060;袨褌褔060;肖邪屑060;孝械谢060;袗写褉060;袩褔褌060;
2;2;2;袠屑褟061;袨褌褔061;肖邪屑061;孝械谢061;袗写褉061;袩褔褌061;
2;2;2;袠屑褟062;袨褌褔062;肖邪屑062;孝械谢062;袗写褉062;袩褔褌062;
2;2;1;袠屑褟063;袨褌褔063;肖邪屑063;孝械谢063;袗写褉063;袩褔褌063;
2;2;1;袠屑褟064;袨褌褔064;肖邪屑064;孝械谢064;袗写褉064;袩褔褌064;
2;2;2;袠屑褟065;袨褌褔065;肖邪屑065;孝械谢065;袗写褉065;袩褔褌065;
2;2;2;袠屑褟066;袨褌褔066;肖邪屑066;孝械谢066;袗写褉066;袩褔褌066;
2;2;1;袠屑褟067;袨褌褔067;肖邪屑067;孝械谢067;袗写褉067;袩褔褌067;
2;2;2;袠屑褟068;袨褌褔068;肖邪屑068;孝械谢068;袗写褉068;袩褔褌068;
2;2;1;袠屑褟069;袨褌褔069;肖邪屑069;孝械谢069;袗写褉069;袩褔褌069;
2;2;2;袠屑褟070;袨褌褔070;肖邪屑070;孝械谢070;袗写褉070;袩褔褌070;
2;2;1;袠屑褟071;袨褌褔071;肖邪屑071;孝械谢071;袗写褉071;袩褔褌071;
2;2;1;袠屑褟072;袨褌褔072;肖邪屑072;孝械谢072;袗写褉072;袩褔褌072;

2;3;2;袠屑褟073;袨褌褔073;肖邪屑073;孝械谢073;袗写褉073;袩褔褌073;
2;3;2;袠屑褟074;袨褌褔074;肖邪屑074;孝械谢074;袗写褉074;袩褔褌074;
2;3;2;袠屑褟075;袨褌褔075;肖邪屑075;孝械谢075;袗写褉075;袩褔褌075;
2;3;1;袠屑褟076;袨褌褔076;肖邪屑076;孝械谢076;袗写褉076;袩褔褌076;
2;3;1;袠屑褟077;袨褌褔077;肖邪屑077;孝械谢077;袗写褉077;袩褔褌077;
2;3;2;袠屑褟078;袨褌褔078;肖邪屑078;孝械谢078;袗写褉078;袩褔褌078;
2;3;2;袠屑褟079;袨褌褔079;肖邪屑079;孝械谢079;袗写褉079;袩褔褌079;
2;3;2;袠屑褟080;袨褌褔080;肖邪屑080;孝械谢080;袗写褉080;袩褔褌080;
2;3;2;袠屑褟081;袨褌褔081;肖邪屑081;孝械谢081;袗写褉081;袩褔褌081;
2;3;1;袠屑褟082;袨褌褔082;肖邪屑082;孝械谢082;袗写褉082;袩褔褌082;
2;3;2;袠屑褟083;袨褌褔083;肖邪屑083;孝械谢083;袗写褉083;袩褔褌083;
2;3;1;袠屑褟084;袨褌褔084;肖邪屑084;孝械谢084;袗写褉084;袩褔褌084;
2;3;1;袠屑褟085;袨褌褔085;肖邪屑085;孝械谢085;袗写褉085;袩褔褌085;

3;1;2;袠屑褟086;袨褌褔086;肖邪屑086;孝械谢086;袗写褉086;袩褔褌086;
3;1;1;袠屑褟087;袨褌褔087;肖邪屑087;孝械谢087;袗写褉087;袩褔褌087;
3;1;2;袠屑褟088;袨褌褔088;肖邪屑088;孝械谢088;袗写褉088;袩褔褌088;
3;1;1;袠屑褟089;袨褌褔089;肖邪屑089;孝械谢089;袗写褉089;袩褔褌089;
3;1;2;袠屑褟090;袨褌褔090;肖邪屑090;孝械谢090;袗写褉090;袩褔褌090;
3;1;1;袠屑褟091;袨褌褔091;肖邪屑091;孝械谢091;袗写褉091;袩褔褌091;
3;1;1;袠屑褟092;袨褌褔092;肖邪屑092;孝械谢092;袗写褉092;袩褔褌092;
3;1;2;袠屑褟093;袨褌褔093;肖邪屑093;孝械谢093;袗写褉093;袩褔褌093;
3;1;1;袠屑褟094;袨褌褔094;肖邪屑094;孝械谢094;袗写褉094;袩褔褌094;
3;1;1;袠屑褟095;袨褌褔095;肖邪屑095;孝械谢095;袗写褉095;袩褔褌095;
3;1;1;袠屑褟096;袨褌褔096;肖邪屑096;孝械谢096;袗写褉096;袩褔褌096;
3;1;2;袠屑褟097;袨褌褔097;肖邪屑097;孝械谢097;袗写褉097;袩褔褌097;
3;1;1;袠屑褟098;袨褌褔098;肖邪屑098;孝械谢098;袗写褉098;袩褔褌098;
3;1;1;袠屑褟099;袨褌褔099;肖邪屑099;孝械谢099;袗写褉099;袩褔褌099;
3;1;1;袠屑褟100;袨褌褔100;肖邪屑100;孝械谢100;袗写褉100;袩褔褌100;
3;1;2;袠屑褟101;袨褌褔101;肖邪屑101;孝械谢101;袗写褉101;袩褔褌101;
3;1;2;袠屑褟102;袨褌褔102;肖邪屑102;孝械谢102;袗写褉102;袩褔褌102;
3;1;1;袠屑褟103;袨褌褔103;肖邪屑103;孝械谢103;袗写褉103;袩褔褌103;
3;1;2;袠屑褟104;袨褌褔104;肖邪屑104;孝械谢104;袗写褉104;袩褔褌104;
3;1;2;袠屑褟105;袨褌褔105;肖邪屑105;孝械谢105;袗写褉105;袩褔褌105;

3;2;1;袠屑褟106;袨褌褔106;肖邪屑106;孝械谢106;袗写褉106;袩褔褌106;
3;2;1;袠屑褟107;袨褌褔107;肖邪屑107;孝械谢107;袗写褉107;袩褔褌107;
3;2;1;袠屑褟108;袨褌褔108;肖邪屑108;孝械谢108;袗写褉108;袩褔褌108;
3;2;2;袠屑褟109;袨褌褔109;肖邪屑109;孝械谢109;袗写褉109;袩褔褌109;
3;2;1;袠屑褟110;袨褌褔110;肖邪屑110;孝械谢110;袗写褉110;袩褔褌110;
3;2;2;袠屑褟111;袨褌褔111;肖邪屑111;孝械谢111;袗写褉111;袩褔褌111;
3;2;1;袠屑褟112;袨褌褔112;肖邪屑112;孝械谢112;袗写褉112;袩褔褌112;
3;2;1;袠屑褟113;袨褌褔113;肖邪屑113;孝械谢113;袗写褉113;袩褔褌113;
3;2;2;袠屑褟114;袨褌褔114;肖邪屑114;孝械谢114;袗写褉114;袩褔褌114;
3;2;2;袠屑褟115;袨褌褔115;肖邪屑115;孝械谢115;袗写褉115;袩褔褌115;
3;2;2;袠屑褟116;袨褌褔116;肖邪屑116;孝械谢116;袗写褉116;袩褔褌116;

3;3;2;袠屑褟117;袨褌褔117;肖邪屑117;孝械谢117;袗写褉117;袩褔褌117;
3;3;1;袠屑褟118;袨褌褔118;肖邪屑118;孝械谢118;袗写褉118;袩褔褌118;
3;3;2;袠屑褟119;袨褌褔119;肖邪屑119;孝械谢119;袗写褉119;袩褔褌119;
3;3;1;袠屑褟120;袨褌褔120;肖邪屑120;孝械谢120;袗写褉120;袩褔褌120;
3;3;1;袠屑褟121;袨褌褔121;肖邪屑121;孝械谢121;袗写褉121;袩褔褌121;
3;3;2;袠屑褟122;袨褌褔122;肖邪屑122;孝械谢122;袗写褉122;袩褔褌122;
3;3;1;袠屑褟123;袨褌褔123;肖邪屑123;孝械谢123;袗写褉123;袩褔褌123;
3;3;1;袠屑褟124;袨褌褔124;肖邪屑124;孝械谢124;袗写褉124;袩褔褌124;
3;3;1;袠屑褟125;袨褌褔125;肖邪屑125;孝械谢125;袗写褉125;袩褔褌125;
3;3;1;袠屑褟126;袨褌褔126;肖邪屑126;孝械谢126;袗写褉126;袩褔褌126;
3;3;1;袠屑褟127;袨褌褔127;肖邪屑127;孝械谢127;袗写褉127;袩褔褌127;
3;3;2;袠屑褟128;袨褌褔128;肖邪屑128;孝械谢128;袗写褉128;袩褔褌128;
3;3;1;袠屑褟129;袨褌褔129;肖邪屑129;孝械谢129;袗写褉129;袩褔褌129;

4;1;1;袠屑褟130;袨褌褔130;肖邪屑130;孝械谢130;袗写褉130;袩褔褌130;
4;1;1;袠屑褟131;袨褌褔131;肖邪屑131;孝械谢131;袗写褉131;袩褔褌131;
4;1;1;袠屑褟132;袨褌褔132;肖邪屑132;孝械谢132;袗写褉132;袩褔褌132;
4;1;1;袠屑褟133;袨褌褔133;肖邪屑133;孝械谢133;袗写褉133;袩褔褌133;
4;1;2;袠屑褟134;袨褌褔134;肖邪屑134;孝械谢134;袗写褉134;袩褔褌134;
4;1;1;袠屑褟135;袨褌褔135;肖邪屑135;孝械谢135;袗写褉135;袩褔褌135;
4;1;1;袠屑褟136;袨褌褔136;肖邪屑136;孝械谢136;袗写褉136;袩褔褌136;
4;1;2;袠屑褟137;袨褌褔137;肖邪屑137;孝械谢137;袗写褉137;袩褔褌137;
4;1;2;袠屑褟138;袨褌褔138;肖邪屑138;孝械谢138;袗写褉138;袩褔褌138;
4;1;1;袠屑褟139;袨褌褔139;肖邪屑139;孝械谢139;袗写褉139;袩褔褌139;
4;1;1;袠屑褟140;袨褌褔140;肖邪屑140;孝械谢140;袗写褉140;袩褔褌140;
4;1;2;袠屑褟141;袨褌褔141;肖邪屑141;孝械谢141;袗写褉141;袩褔褌141;
4;1;1;袠屑褟142;袨褌褔142;肖邪屑142;孝械谢142;袗写褉142;袩褔褌142;
4;1;1;袠屑褟143;袨褌褔143;肖邪屑143;孝械谢143;袗写褉143;袩褔褌143;
4;1;1;袠屑褟144;袨褌褔144;肖邪屑144;孝械谢144;袗写褉144;袩褔褌144;
4;1;2;袠屑褟145;袨褌褔145;肖邪屑145;孝械谢145;袗写褉145;袩褔褌145;
4;1;2;袠屑褟146;袨褌褔146;肖邪屑146;孝械谢146;袗写褉146;袩褔褌146;
4;1;2;袠屑褟147;袨褌褔147;肖邪屑147;孝械谢147;袗写褉147;袩褔褌147;

4;2;1;袠屑褟148;袨褌褔148;肖邪屑148;孝械谢148;袗写褉148;袩褔褌148;
4;2;2;袠屑褟149;袨褌褔149;肖邪屑149;孝械谢149;袗写褉149;袩褔褌149;
4;2;2;袠屑褟150;袨褌褔150;肖邪屑150;孝械谢150;袗写褉150;袩褔褌150;
4;2;2;袠屑褟151;袨褌褔151;肖邪屑151;孝械谢151;袗写褉151;袩褔褌151;
4;2;2;袠屑褟152;袨褌褔152;肖邪屑152;孝械谢152;袗写褉152;袩褔褌152;
4;2;2;袠屑褟153;袨褌褔153;肖邪屑153;孝械谢153;袗写褉153;袩褔褌153;
4;2;2;袠屑褟154;袨褌褔154;肖邪屑154;孝械谢154;袗写褉154;袩褔褌154;
4;2;1;袠屑褟155;袨褌褔155;肖邪屑155;孝械谢155;袗写褉155;袩褔褌155;
4;2;1;袠屑褟156;袨褌褔156;肖邪屑156;孝械谢156;袗写褉156;袩褔褌156;
4;2;1;袠屑褟157;袨褌褔157;肖邪屑157;孝械谢157;袗写褉157;袩褔褌157;
4;2;1;袠屑褟158;袨褌褔158;肖邪屑158;孝械谢158;袗写褉158;袩褔褌158;
4;2;1;袠屑褟159;袨褌褔159;肖邪屑159;孝械谢159;袗写褉159;袩褔褌159;
4;2;1;袠屑褟160;袨褌褔160;肖邪屑160;孝械谢160;袗写褉160;袩褔褌160;

4;3;1;袠屑褟161;袨褌褔161;肖邪屑161;孝械谢161;袗写褉161;袩褔褌161;
4;3;2;袠屑褟162;袨褌褔162;肖邪屑162;孝械谢162;袗写褉162;袩褔褌162;
4;3;1;袠屑褟163;袨褌褔163;肖邪屑163;孝械谢163;袗写褉163;袩褔褌163;
4;3;1;袠屑褟164;袨褌褔164;肖邪屑164;孝械谢164;袗写褉164;袩褔褌164;
4;3;1;袠屑褟165;袨褌褔165;肖邪屑165;孝械谢165;袗写褉165;袩褔褌165;
4;3;2;袠屑褟166;袨褌褔166;肖邪屑166;孝械谢166;袗写褉166;袩褔褌166;
4;3;2;袠屑褟167;袨褌褔167;肖邪屑167;孝械谢167;袗写褉167;袩褔褌167;
4;3;1;袠屑褟168;袨褌褔168;肖邪屑168;孝械谢168;袗写褉168;袩褔褌168;
4;3;1;袠屑褟169;袨褌褔169;肖邪屑169;孝械谢169;袗写褉169;袩褔褌169;
4;3;2;袠屑褟170;袨褌褔170;肖邪屑170;孝械谢170;袗写褉170;袩褔褌170;
4;3;2;袠屑褟171;袨褌褔171;肖邪屑171;孝械谢171;袗写褉171;袩褔褌171;
4;3;2;袠屑褟172;袨褌褔172;肖邪屑172;孝械谢172;袗写褉172;袩褔褌172;
4;3;1;袠屑褟173;袨褌褔173;肖邪屑173;孝械谢173;袗写褉173;袩褔褌173;
4;3;1;袠屑褟174;袨褌褔174;肖邪屑174;孝械谢174;袗写褉174;袩褔褌174;
4;3;1;袠屑褟175;袨褌褔175;肖邪屑175;孝械谢175;袗写褉175;袩褔褌175;

4;4;1;袠屑褟176;袨褌褔176;肖邪屑176;孝械谢176;袗写褉176;袩褔褌176;
4;4;2;袠屑褟177;袨褌褔177;肖邪屑177;孝械谢177;袗写褉177;袩褔褌177;
4;4;2;袠屑褟178;袨褌褔178;肖邪屑178;孝械谢178;袗写褉178;袩褔褌178;
4;4;1;袠屑褟179;袨褌褔179;肖邪屑179;孝械谢179;袗写褉179;袩褔褌179;
4;4;1;袠屑褟180;袨褌褔180;肖邪屑180;孝械谢180;袗写褉180;袩褔褌180;
4;4;1;袠屑褟181;袨褌褔181;肖邪屑181;孝械谢181;袗写褉181;袩褔褌181;
4;4;2;袠屑褟182;袨褌褔182;肖邪屑182;孝械谢182;袗写褉182;袩褔褌182;
4;4;1;袠屑褟183;袨褌褔183;肖邪屑183;孝械谢183;袗写褉183;袩褔褌183;
4;4;1;袠屑褟184;袨褌褔184;肖邪屑184;孝械谢184;袗写褉184;袩褔褌184;
4;4;2;袠屑褟185;袨褌褔185;肖邪屑185;孝械谢185;袗写褉185;袩褔褌185;
4;4;2;袠屑褟186;袨褌褔186;肖邪屑186;孝械谢186;袗写褉186;袩褔褌186;
4;4;1;袠屑褟187;袨褌褔187;肖邪屑187;孝械谢187;袗写褉187;袩褔褌187;
4;4;1;袠屑褟188;袨褌褔188;肖邪屑188;孝械谢188;袗写褉188;袩褔褌188;
4;4;1;袠屑褟189;袨褌褔189;肖邪屑189;孝械谢189;袗写褉189;袩褔褌189;
4;4;1;袠屑褟190;袨褌褔190;肖邪屑190;孝械谢190;袗写褉190;袩褔褌190;

5;1;1;袠屑褟191;袨褌褔191;肖邪屑191;孝械谢191;袗写褉191;袩褔褌191;
5;1;2;袠屑褟192;袨褌褔192;肖邪屑192;孝械谢192;袗写褉192;袩褔褌192;
5;1;1;袠屑褟193;袨褌褔193;肖邪屑193;孝械谢193;袗写褉193;袩褔褌193;
5;1;2;袠屑褟194;袨褌褔194;肖邪屑194;孝械谢194;袗写褉194;袩褔褌194;
5;1;2;袠屑褟195;袨褌褔195;肖邪屑195;孝械谢195;袗写褉195;袩褔褌195;
5;1;1;袠屑褟196;袨褌褔196;肖邪屑196;孝械谢196;袗写褉196;袩褔褌196;
5;1;2;袠屑褟197;袨褌褔197;肖邪屑197;孝械谢197;袗写褉197;袩褔褌197;
5;1;1;袠屑褟198;袨褌褔198;肖邪屑198;孝械谢198;袗写褉198;袩褔褌198;
5;1;2;袠屑褟199;袨褌褔199;肖邪屑199;孝械谢199;袗写褉199;袩褔褌199;
5;1;2;袠屑褟200;袨褌褔200;肖邪屑200;孝械谢200;袗写褉200;袩褔褌200;
5;1;1;袠屑褟201;袨褌褔201;肖邪屑201;孝械谢201;袗写褉201;袩褔褌201;
5;1;2;袠屑褟202;袨褌褔202;肖邪屑202;孝械谢202;袗写褉202;袩褔褌202;

5;2;2;袠屑褟203;袨褌褔203;肖邪屑203;孝械谢203;袗写褉203;袩褔褌203;
5;2;2;袠屑褟204;袨褌褔204;肖邪屑204;孝械谢204;袗写褉204;袩褔褌204;
5;2;1;袠屑褟205;袨褌褔205;肖邪屑205;孝械谢205;袗写褉205;袩褔褌205;
5;2;2;袠屑褟206;袨褌褔206;肖邪屑206;孝械谢206;袗写褉206;袩褔褌206;
5;2;2;袠屑褟207;袨褌褔207;肖邪屑207;孝械谢207;袗写褉207;袩褔褌207;
5;2;1;袠屑褟208;袨褌褔208;肖邪屑208;孝械谢208;袗写褉208;袩褔褌208;
5;2;1;袠屑褟209;袨褌褔209;肖邪屑209;孝械谢209;袗写褉209;袩褔褌209;
5;2;2;袠屑褟210;袨褌褔210;肖邪屑210;孝械谢210;袗写褉210;袩褔褌210;
5;2;1;袠屑褟211;袨褌褔211;肖邪屑211;孝械谢211;袗写褉211;袩褔褌211;
5;2;1;袠屑褟212;袨褌褔212;肖邪屑212;孝械谢212;袗写褉212;袩褔褌212;
5;2;2;袠屑褟213;袨褌褔213;肖邪屑213;孝械谢213;袗写褉213;袩褔褌213;
5;2;2;袠屑褟214;袨褌褔214;肖邪屑214;孝械谢214;袗写褉214;袩褔褌214;
5;2;1;袠屑褟215;袨褌褔215;肖邪屑215;孝械谢215;袗写褉215;袩褔褌215;
5;2;1;袠屑褟216;袨褌褔216;肖邪屑216;孝械谢216;袗写褉216;袩褔褌216;
5;2;2;袠屑褟217;袨褌褔217;肖邪屑217;孝械谢217;袗写褉217;袩褔褌217;
5;2;2;袠屑褟218;袨褌褔218;肖邪屑218;孝械谢218;袗写褉218;袩褔褌218;

5;3;1;袠屑褟219;袨褌褔219;肖邪屑219;孝械谢219;袗写褉219;袩褔褌219;
5;3;2;袠屑褟220;袨褌褔220;肖邪屑220;孝械谢220;袗写褉220;袩褔褌220;
5;3;1;袠屑褟221;袨褌褔221;肖邪屑221;孝械谢221;袗写褉221;袩褔褌221;
5;3;1;袠屑褟222;袨褌褔222;肖邪屑222;孝械谢222;袗写褉222;袩褔褌222;
5;3;1;袠屑褟223;袨褌褔223;肖邪屑223;孝械谢223;袗写褉223;袩褔褌223;
5;3;1;袠屑褟224;袨褌褔224;肖邪屑224;孝械谢224;袗写褉224;袩褔褌224;
5;3;1;袠屑褟225;袨褌褔225;肖邪屑225;孝械谢225;袗写褉225;袩褔褌225;
5;3;1;袠屑褟226;袨褌褔226;肖邪屑226;孝械谢226;袗写褉226;袩褔褌226;
5;3;2;袠屑褟227;袨褌褔227;肖邪屑227;孝械谢227;袗写褉227;袩褔褌227;
5;3;2;袠屑褟228;袨褌褔228;肖邪屑228;孝械谢228;袗写褉228;袩褔褌228;
5;3;1;袠屑褟229;袨褌褔229;肖邪屑229;孝械谢229;袗写褉229;袩褔褌229;
5;3;2;袠屑褟230;袨褌褔230;肖邪屑230;孝械谢230;袗写褉230;袩褔褌230;
5;3;2;袠屑褟231;袨褌褔231;肖邪屑231;孝械谢231;袗写褉231;袩褔褌231;
5;3;1;袠屑褟232;袨褌褔232;肖邪屑232;孝械谢232;袗写褉232;袩褔褌232;

5;4;1;袠屑褟233;袨褌褔233;肖邪屑233;孝械谢233;袗写褉233;袩褔褌233;
5;4;2;袠屑褟234;袨褌褔234;肖邪屑234;孝械谢234;袗写褉234;袩褔褌234;
5;4;2;袠屑褟235;袨褌褔235;肖邪屑235;孝械谢235;袗写褉235;袩褔褌235;
5;4;2;袠屑褟236;袨褌褔236;肖邪屑236;孝械谢236;袗写褉236;袩褔褌236;
5;4;1;袠屑褟237;袨褌褔237;肖邪屑237;孝械谢237;袗写褉237;袩褔褌237;
5;4;1;袠屑褟238;袨褌褔238;肖邪屑238;孝械谢238;袗写褉238;袩褔褌238;
5;4;2;袠屑褟239;袨褌褔239;肖邪屑239;孝械谢239;袗写褉239;袩褔褌239;
5;4;2;袠屑褟240;袨褌褔240;肖邪屑240;孝械谢240;袗写褉240;袩褔褌240;
5;4;1;袠屑褟241;袨褌褔241;肖邪屑241;孝械谢241;袗写褉241;袩褔褌241;
5;4;1;袠屑褟242;袨褌褔242;肖邪屑242;孝械谢242;袗写褉242;袩褔褌242;

5;5;2;袠屑褟243;袨褌褔243;肖邪屑243;孝械谢243;袗写褉243;袩褔褌243;
5;5;2;袠屑褟244;袨褌褔244;肖邪屑244;孝械谢244;袗写褉244;袩褔褌244;
5;5;2;袠屑褟245;袨褌褔245;肖邪屑245;孝械谢245;袗写褉245;袩褔褌245;
5;5;2;袠屑褟246;袨褌褔246;肖邪屑246;孝械谢246;袗写褉246;袩褔褌246;
5;5;2;袠屑褟247;袨褌褔247;肖邪屑247;孝械谢247;袗写褉247;袩褔褌247;
5;5;1;袠屑褟248;袨褌褔248;肖邪屑248;孝械谢248;袗写褉248;袩褔褌248;
5;5;1;袠屑褟249;袨褌褔249;肖邪屑249;孝械谢249;袗写褉249;袩褔褌249;
5;5;1;袠屑褟250;袨褌褔250;肖邪屑250;孝械谢250;袗写褉250;袩褔褌250;
5;5;1;袠屑褟251;袨褌褔251;肖邪屑251;孝械谢251;袗写褉251;袩褔褌251;
5;5;2;袠屑褟252;袨褌褔252;肖邪屑252;孝械谢252;袗写褉252;袩褔褌252;
5;5;2;袠屑褟253;袨褌褔253;肖邪屑253;孝械谢253;袗写褉253;袩褔褌253;
5;5;1;袠屑褟254;袨褌褔254;肖邪屑254;孝械谢254;袗写褉254;袩褔褌254;
5;5;2;袠屑褟255;袨褌褔255;肖邪屑255;孝械谢255;袗写褉255;袩褔褌255;
5;5;1;袠屑褟256;袨褌褔256;肖邪屑256;孝械谢256;袗写褉256;袩褔褌256;
5;5;1;袠屑褟257;袨褌褔257;肖邪屑257;孝械谢257;袗写褉257;袩褔褌257;

6;1;2;袠屑褟258;袨褌褔258;肖邪屑258;孝械谢258;袗写褉258;袩褔褌258;
6;1;2;袠屑褟259;袨褌褔259;肖邪屑259;孝械谢259;袗写褉259;袩褔褌259;
6;1;1;袠屑褟260;袨褌褔260;肖邪屑260;孝械谢260;袗写褉260;袩褔褌260;
6;1;1;袠屑褟261;袨褌褔261;肖邪屑261;孝械谢261;袗写褉261;袩褔褌261;
6;1;2;袠屑褟262;袨褌褔262;肖邪屑262;孝械谢262;袗写褉262;袩褔褌262;
6;1;2;袠屑褟263;袨褌褔263;肖邪屑263;孝械谢263;袗写褉263;袩褔褌263;
6;1;1;袠屑褟264;袨褌褔264;肖邪屑264;孝械谢264;袗写褉264;袩褔褌264;
6;1;1;袠屑褟265;袨褌褔265;肖邪屑265;孝械谢265;袗写褉265;袩褔褌265;
6;1;1;袠屑褟266;袨褌褔266;肖邪屑266;孝械谢266;袗写褉266;袩褔褌266;
6;1;2;袠屑褟267;袨褌褔267;肖邪屑267;孝械谢267;袗写褉267;袩褔褌267;
6;1;1;袠屑褟268;袨褌褔268;肖邪屑268;孝械谢268;袗写褉268;袩褔褌268;
6;1;1;袠屑褟269;袨褌褔269;肖邪屑269;孝械谢269;袗写褉269;袩褔褌269;
6;1;1;袠屑褟270;袨褌褔270;肖邪屑270;孝械谢270;袗写褉270;袩褔褌270;
6;1;2;袠屑褟271;袨褌褔271;肖邪屑271;孝械谢271;袗写褉271;袩褔褌271;
6;1;2;袠屑褟272;袨褌褔272;肖邪屑272;孝械谢272;袗写褉272;袩褔褌272;
6;1;2;袠屑褟273;袨褌褔273;肖邪屑273;孝械谢273;袗写褉273;袩褔褌273;
6;1;1;袠屑褟274;袨褌褔274;肖邪屑274;孝械谢274;袗写褉274;袩褔褌274;
6;1;1;袠屑褟275;袨褌褔275;肖邪屑275;孝械谢275;袗写褉275;袩褔褌275;
6;1;2;袠屑褟276;袨褌褔276;肖邪屑276;孝械谢276;袗写褉276;袩褔褌276;
6;1;2;袠屑褟277;袨褌褔277;肖邪屑277;孝械谢277;袗写褉277;袩褔褌277;

6;2;2;袠屑褟278;袨褌褔278;肖邪屑278;孝械谢278;袗写褉278;袩褔褌278;
6;2;1;袠屑褟279;袨褌褔279;肖邪屑279;孝械谢279;袗写褉279;袩褔褌279;
6;2;1;袠屑褟280;袨褌褔280;肖邪屑280;孝械谢280;袗写褉280;袩褔褌280;
6;2;1;袠屑褟281;袨褌褔281;肖邪屑281;孝械谢281;袗写褉281;袩褔褌281;
6;2;2;袠屑褟282;袨褌褔282;肖邪屑282;孝械谢282;袗写褉282;袩褔褌282;
6;2;2;袠屑褟283;袨褌褔283;肖邪屑283;孝械谢283;袗写褉283;袩褔褌283;
6;2;1;袠屑褟284;袨褌褔284;肖邪屑284;孝械谢284;袗写褉284;袩褔褌284;
6;2;1;袠屑褟285;袨褌褔285;肖邪屑285;孝械谢285;袗写褉285;袩褔褌285;
6;2;2;袠屑褟286;袨褌褔286;肖邪屑286;孝械谢286;袗写褉286;袩褔褌286;
6;2;2;袠屑褟287;袨褌褔287;肖邪屑287;孝械谢287;袗写褉287;袩褔褌287;
6;2;2;袠屑褟288;袨褌褔288;肖邪屑288;孝械谢288;袗写褉288;袩褔褌288;

6;3;2;袠屑褟289;袨褌褔289;肖邪屑289;孝械谢289;袗写褉289;袩褔褌289;
6;3;2;袠屑褟290;袨褌褔290;肖邪屑290;孝械谢290;袗写褉290;袩褔褌290;
6;3;1;袠屑褟291;袨褌褔291;肖邪屑291;孝械谢291;袗写褉291;袩褔褌291;
6;3;2;袠屑褟292;袨褌褔292;肖邪屑292;孝械谢292;袗写褉292;袩褔褌292;
6;3;1;袠屑褟293;袨褌褔293;肖邪屑293;孝械谢293;袗写褉293;袩褔褌293;
6;3;1;袠屑褟294;袨褌褔294;肖邪屑294;孝械谢294;袗写褉294;袩褔褌294;
6;3;1;袠屑褟295;袨褌褔295;肖邪屑295;孝械谢295;袗写褉295;袩褔褌295;
6;3;2;袠屑褟296;袨褌褔296;肖邪屑296;孝械谢296;袗写褉296;袩褔褌296;
6;3;1;袠屑褟297;袨褌褔297;肖邪屑297;孝械谢297;袗写褉297;袩褔褌297;
6;3;2;袠屑褟298;袨褌褔298;肖邪屑298;孝械谢298;袗写褉298;袩褔褌298;
6;3;2;袠屑褟299;袨褌褔299;肖邪屑299;孝械谢299;袗写褉299;袩褔褌299;
6;3;2;袠屑褟300;袨褌褔300;肖邪屑300;孝械谢300;袗写褉300;袩褔褌300;
6;3;1;袠屑褟301;袨褌褔301;肖邪屑301;孝械谢301;袗写褉301;袩褔褌301;
6;3;2;袠屑褟302;袨褌褔302;肖邪屑302;孝械谢302;袗写褉302;袩褔褌302;

6;4;1;袠屑褟303;袨褌褔303;肖邪屑303;孝械谢303;袗写褉303;袩褔褌303;
6;4;2;袠屑褟304;袨褌褔304;肖邪屑304;孝械谢304;袗写褉304;袩褔褌304;
6;4;2;袠屑褟305;袨褌褔305;肖邪屑305;孝械谢305;袗写褉305;袩褔褌305;
6;4;1;袠屑褟306;袨褌褔306;肖邪屑306;孝械谢306;袗写褉306;袩褔褌306;
6;4;2;袠屑褟307;袨褌褔307;肖邪屑307;孝械谢307;袗写褉307;袩褔褌307;
6;4;1;袠屑褟308;袨褌褔308;肖邪屑308;孝械谢308;袗写褉308;袩褔褌308;
6;4;2;袠屑褟309;袨褌褔309;肖邪屑309;孝械谢309;袗写褉309;袩褔褌309;
6;4;1;袠屑褟310;袨褌褔310;肖邪屑310;孝械谢310;袗写褉310;袩褔褌310;
6;4;1;袠屑褟311;袨褌褔311;肖邪屑311;孝械谢311;袗写褉311;袩褔褌311;
6;4;2;袠屑褟312;袨褌褔312;肖邪屑312;孝械谢312;袗写褉312;袩褔褌312;
6;4;1;袠屑褟313;袨褌褔313;肖邪屑313;孝械谢313;袗写褉313;袩褔褌313;
6;4;2;袠屑褟314;袨褌褔314;肖邪屑314;孝械谢314;袗写褉314;袩褔褌314;
6;4;2;袠屑褟315;袨褌褔315;肖邪屑315;孝械谢315;袗写褉315;袩褔褌315;
6;4;1;袠屑褟316;袨褌褔316;肖邪屑316;孝械谢316;袗写褉316;袩褔褌316;
6;4;1;袠屑褟317;袨褌褔317;肖邪屑317;孝械谢317;袗写褉317;袩褔褌317;
6;4;2;袠屑褟318;袨褌褔318;肖邪屑318;孝械谢318;袗写褉318;袩褔褌318;
6;4;2;袠屑褟319;袨褌褔319;肖邪屑319;孝械谢319;袗写褉319;袩褔褌319;
6;4;1;袠屑褟320;袨褌褔320;肖邪屑320;孝械谢320;袗写褉320;袩褔褌320;

7;1;1;袠屑褟321;袨褌褔321;肖邪屑321;孝械谢321;袗写褉321;袩褔褌321;
7;1;1;袠屑褟322;袨褌褔322;肖邪屑322;孝械谢322;袗写褉322;袩褔褌322;
7;1;1;袠屑褟323;袨褌褔323;肖邪屑323;孝械谢323;袗写褉323;袩褔褌323;
7;1;2;袠屑褟324;袨褌褔324;肖邪屑324;孝械谢324;袗写褉324;袩褔褌324;
7;1;1;袠屑褟325;袨褌褔325;肖邪屑325;孝械谢325;袗写褉325;袩褔褌325;
7;1;2;袠屑褟326;袨褌褔326;肖邪屑326;孝械谢326;袗写褉326;袩褔褌326;
7;1;2;袠屑褟327;袨褌褔327;肖邪屑327;孝械谢327;袗写褉327;袩褔褌327;
7;1;1;袠屑褟328;袨褌褔328;肖邪屑328;孝械谢328;袗写褉328;袩褔褌328;
7;1;2;袠屑褟329;袨褌褔329;肖邪屑329;孝械谢329;袗写褉329;袩褔褌329;
7;1;1;袠屑褟330;袨褌褔330;肖邪屑330;孝械谢330;袗写褉330;袩褔褌330;
7;1;1;袠屑褟331;袨褌褔331;肖邪屑331;孝械谢331;袗写褉331;袩褔褌331;

7;2;2;袠屑褟332;袨褌褔332;肖邪屑332;孝械谢332;袗写褉332;袩褔褌332;
7;2;2;袠屑褟333;袨褌褔333;肖邪屑333;孝械谢333;袗写褉333;袩褔褌333;
7;2;1;袠屑褟334;袨褌褔334;肖邪屑334;孝械谢334;袗写褉334;袩褔褌334;
7;2;1;袠屑褟335;袨褌褔335;肖邪屑335;孝械谢335;袗写褉335;袩褔褌335;
7;2;1;袠屑褟336;袨褌褔336;肖邪屑336;孝械谢336;袗写褉336;袩褔褌336;
7;2;1;袠屑褟337;袨褌褔337;肖邪屑337;孝械谢337;袗写褉337;袩褔褌337;
7;2;2;袠屑褟338;袨褌褔338;肖邪屑338;孝械谢338;袗写褉338;袩褔褌338;
7;2;1;袠屑褟339;袨褌褔339;肖邪屑339;孝械谢339;袗写褉339;袩褔褌339;
7;2;1;袠屑褟340;袨褌褔340;肖邪屑340;孝械谢340;袗写褉340;袩褔褌340;
7;2;2;袠屑褟341;袨褌褔341;肖邪屑341;孝械谢341;袗写褉341;袩褔褌341;
7;2;2;袠屑褟342;袨褌褔342;肖邪屑342;孝械谢342;袗写褉342;袩褔褌342;
7;2;1;袠屑褟343;袨褌褔343;肖邪屑343;孝械谢343;袗写褉343;袩褔褌343;
7;2;2;袠屑褟344;袨褌褔344;肖邪屑344;孝械谢344;袗写褉344;袩褔褌344;
7;2;2;袠屑褟345;袨褌褔345;肖邪屑345;孝械谢345;袗写褉345;袩褔褌345;
7;2;1;袠屑褟346;袨褌褔346;肖邪屑346;孝械谢346;袗写褉346;袩褔褌346;
7;2;1;袠屑褟347;袨褌褔347;肖邪屑347;孝械谢347;袗写褉347;袩褔褌347;
7;2;1;袠屑褟348;袨褌褔348;肖邪屑348;孝械谢348;袗写褉348;袩褔褌348;
7;2;2;袠屑褟349;袨褌褔349;肖邪屑349;孝械谢349;袗写褉349;袩褔褌349;
7;2;1;袠屑褟350;袨褌褔350;肖邪屑350;孝械谢350;袗写褉350;袩褔褌350;

7;3;1;袠屑褟351;袨褌褔351;肖邪屑351;孝械谢351;袗写褉351;袩褔褌351;
7;3;1;袠屑褟352;袨褌褔352;肖邪屑352;孝械谢352;袗写褉352;袩褔褌352;
7;3;1;袠屑褟353;袨褌褔353;肖邪屑353;孝械谢353;袗写褉353;袩褔褌353;
7;3;2;袠屑褟354;袨褌褔354;肖邪屑354;孝械谢354;袗写褉354;袩褔褌354;
7;3;1;袠屑褟355;袨褌褔355;肖邪屑355;孝械谢355;袗写褉355;袩褔褌355;
7;3;2;袠屑褟356;袨褌褔356;肖邪屑356;孝械谢356;袗写褉356;袩褔褌356;
7;3;2;袠屑褟357;袨褌褔357;肖邪屑357;孝械谢357;袗写褉357;袩褔褌357;
7;3;2;袠屑褟358;袨褌褔358;肖邪屑358;孝械谢358;袗写褉358;袩褔褌358;
7;3;1;袠屑褟359;袨褌褔359;肖邪屑359;孝械谢359;袗写褉359;袩褔褌359;
7;3;2;袠屑褟360;袨褌褔360;肖邪屑360;孝械谢360;袗写褉360;袩褔褌360;
7;3;2;袠屑褟361;袨褌褔361;肖邪屑361;孝械谢361;袗写褉361;袩褔褌361;
7;3;2;袠屑褟362;袨褌褔362;肖邪屑362;孝械谢362;袗写褉362;袩褔褌362;
7;3;1;袠屑褟363;袨褌褔363;肖邪屑363;孝械谢363;袗写褉363;袩褔褌363;
7;3;1;袠屑褟364;袨褌褔364;肖邪屑364;孝械谢364;袗写褉364;袩褔褌364;
7;3;2;袠屑褟365;袨褌褔365;肖邪屑365;孝械谢365;袗写褉365;袩褔褌365;
7;3;1;袠屑褟366;袨褌褔366;肖邪屑366;孝械谢366;袗写褉366;袩褔褌366;
7;3;2;袠屑褟367;袨褌褔367;肖邪屑367;孝械谢367;袗写褉367;袩褔褌367;
7;3;1;袠屑褟368;袨褌褔368;肖邪屑368;孝械谢368;袗写褉368;袩褔褌368;

7;4;1;袠屑褟369;袨褌褔369;肖邪屑369;孝械谢369;袗写褉369;袩褔褌369;
7;4;1;袠屑褟370;袨褌褔370;肖邪屑370;孝械谢370;袗写褉370;袩褔褌370;
7;4;2;袠屑褟371;袨褌褔371;肖邪屑371;孝械谢371;袗写褉371;袩褔褌371;
7;4;2;袠屑褟372;袨褌褔372;肖邪屑372;孝械谢372;袗写褉372;袩褔褌372;
7;4;2;袠屑褟373;袨褌褔373;肖邪屑373;孝械谢373;袗写褉373;袩褔褌373;
7;4;1;袠屑褟374;袨褌褔374;肖邪屑374;孝械谢374;袗写褉374;袩褔褌374;
7;4;1;袠屑褟375;袨褌褔375;肖邪屑375;孝械谢375;袗写褉375;袩褔褌375;
7;4;1;袠屑褟376;袨褌褔376;肖邪屑376;孝械谢376;袗写褉376;袩褔褌376;
7;4;1;袠屑褟377;袨褌褔377;肖邪屑377;孝械谢377;袗写褉377;袩褔褌377;
7;4;2;袠屑褟378;袨褌褔378;肖邪屑378;孝械谢378;袗写褉378;袩褔褌378;
7;4;1;袠屑褟379;袨褌褔379;肖邪屑379;孝械谢379;袗写褉379;袩褔褌379;
7;4;2;袠屑褟380;袨褌褔380;肖邪屑380;孝械谢380;袗写褉380;袩褔褌380;
7;4;2;袠屑褟381;袨褌褔381;肖邪屑381;孝械谢381;袗写褉381;袩褔褌381;
7;4;1;袠屑褟382;袨褌褔382;肖邪屑382;孝械谢382;袗写褉382;袩褔褌382;
7;4;2;袠屑褟383;袨褌褔383;肖邪屑383;孝械谢383;袗写褉383;袩褔褌383;
7;4;1;袠屑褟384;袨褌褔384;肖邪屑384;孝械谢384;袗写褉384;袩褔褌384;
7;4;2;袠屑褟385;袨褌褔385;肖邪屑385;孝械谢385;袗写褉385;袩褔褌385;
7;4;2;袠屑褟386;袨褌褔386;肖邪屑386;孝械谢386;袗写褉386;袩褔褌386;

8;1;1;袠屑褟387;袨褌褔387;肖邪屑387;孝械谢387;袗写褉387;袩褔褌387;
8;1;2;袠屑褟388;袨褌褔388;肖邪屑388;孝械谢388;袗写褉388;袩褔褌388;
8;1;1;袠屑褟389;袨褌褔389;肖邪屑389;孝械谢389;袗写褉389;袩褔褌389;
8;1;1;袠屑褟390;袨褌褔390;肖邪屑390;孝械谢390;袗写褉390;袩褔褌390;
8;1;1;袠屑褟391;袨褌褔391;肖邪屑391;孝械谢391;袗写褉391;袩褔褌391;
8;1;2;袠屑褟392;袨褌褔392;肖邪屑392;孝械谢392;袗写褉392;袩褔褌392;
8;1;1;袠屑褟393;袨褌褔393;肖邪屑393;孝械谢393;袗写褉393;袩褔褌393;
8;1;1;袠屑褟394;袨褌褔394;肖邪屑394;孝械谢394;袗写褉394;袩褔褌394;
8;1;1;袠屑褟395;袨褌褔395;肖邪屑395;孝械谢395;袗写褉395;袩褔褌395;
8;1;1;袠屑褟396;袨褌褔396;肖邪屑396;孝械谢396;袗写褉396;袩褔褌396;
8;1;1;袠屑褟397;袨褌褔397;肖邪屑397;孝械谢397;袗写褉397;袩褔褌397;
8;1;1;袠屑褟398;袨褌褔398;肖邪屑398;孝械谢398;袗写褉398;袩褔褌398;
8;1;2;袠屑褟399;袨褌褔399;肖邪屑399;孝械谢399;袗写褉399;袩褔褌399;
8;1;1;袠屑褟400;袨褌褔400;肖邪屑400;孝械谢400;袗写褉400;袩褔褌400;
8;1;2;袠屑褟401;袨褌褔401;肖邪屑401;孝械谢401;袗写褉401;袩褔褌401;
8;1;2;袠屑褟402;袨褌褔402;肖邪屑402;孝械谢402;袗写褉402;袩褔褌402;
8;1;1;袠屑褟403;袨褌褔403;肖邪屑403;孝械谢403;袗写褉403;袩褔褌403;
8;1;2;袠屑褟404;袨褌褔404;肖邪屑404;孝械谢404;袗写褉404;袩褔褌404;
8;1;2;袠屑褟405;袨褌褔405;肖邪屑405;孝械谢405;袗写褉405;袩褔褌405;

8;2;2;袠屑褟406;袨褌褔406;肖邪屑406;孝械谢406;袗写褉406;袩褔褌406;
8;2;2;袠屑褟407;袨褌褔407;肖邪屑407;孝械谢407;袗写褉407;袩褔褌407;
8;2;1;袠屑褟408;袨褌褔408;肖邪屑408;孝械谢408;袗写褉408;袩褔褌408;
8;2;1;袠屑褟409;袨褌褔409;肖邪屑409;孝械谢409;袗写褉409;袩褔褌409;
8;2;1;袠屑褟410;袨褌褔410;肖邪屑410;孝械谢410;袗写褉410;袩褔褌410;
8;2;2;袠屑褟411;袨褌褔411;肖邪屑411;孝械谢411;袗写褉411;袩褔褌411;
8;2;1;袠屑褟412;袨褌褔412;肖邪屑412;孝械谢412;袗写褉412;袩褔褌412;
8;2;2;袠屑褟413;袨褌褔413;肖邪屑413;孝械谢413;袗写褉413;袩褔褌413;
8;2;2;袠屑褟414;袨褌褔414;肖邪屑414;孝械谢414;袗写褉414;袩褔褌414;
8;2;2;袠屑褟415;袨褌褔415;肖邪屑415;孝械谢415;袗写褉415;袩褔褌415;
8;2;2;袠屑褟416;袨褌褔416;肖邪屑416;孝械谢416;袗写褉416;袩褔褌416;
8;2;1;袠屑褟417;袨褌褔417;肖邪屑417;孝械谢417;袗写褉417;袩褔褌417;

8;3;1;袠屑褟418;袨褌褔418;肖邪屑418;孝械谢418;袗写褉418;袩褔褌418;
8;3;1;袠屑褟419;袨褌褔419;肖邪屑419;孝械谢419;袗写褉419;袩褔褌419;
8;3;1;袠屑褟420;袨褌褔420;肖邪屑420;孝械谢420;袗写褉420;袩褔褌420;
8;3;2;袠屑褟421;袨褌褔421;肖邪屑421;孝械谢421;袗写褉421;袩褔褌421;
8;3;1;袠屑褟422;袨褌褔422;肖邪屑422;孝械谢422;袗写褉422;袩褔褌422;
8;3;1;袠屑褟423;袨褌褔423;肖邪屑423;孝械谢423;袗写褉423;袩褔褌423;
8;3;1;袠屑褟424;袨褌褔424;肖邪屑424;孝械谢424;袗写褉424;袩褔褌424;
8;3;1;袠屑褟425;袨褌褔425;肖邪屑425;孝械谢425;袗写褉425;袩褔褌425;
8;3;2;袠屑褟426;袨褌褔426;肖邪屑426;孝械谢426;袗写褉426;袩褔褌426;
8;3;1;袠屑褟427;袨褌褔427;肖邪屑427;孝械谢427;袗写褉427;袩褔褌427;
8;3;2;袠屑褟428;袨褌褔428;肖邪屑428;孝械谢428;袗写褉428;袩褔褌428;
8;3;1;袠屑褟429;袨褌褔429;肖邪屑429;孝械谢429;袗写褉429;袩褔褌429;
8;3;1;袠屑褟430;袨褌褔430;肖邪屑430;孝械谢430;袗写褉430;袩褔褌430;
8;3;2;袠屑褟431;袨褌褔431;肖邪屑431;孝械谢431;袗写褉431;袩褔褌431;
8;3;2;袠屑褟432;袨褌褔432;肖邪屑432;孝械谢432;袗写褉432;袩褔褌432;
8;3;2;袠屑褟433;袨褌褔433;肖邪屑433;孝械谢433;袗写褉433;袩褔褌433;
8;3;1;袠屑褟434;袨褌褔434;肖邪屑434;孝械谢434;袗写褉434;袩褔褌434;
8;3;2;袠屑褟435;袨褌褔435;肖邪屑435;孝械谢435;袗写褉435;袩褔褌435;
8;3;2;袠屑褟436;袨褌褔436;肖邪屑436;孝械谢436;袗写褉436;袩褔褌436;
8;3;2;袠屑褟437;袨褌褔437;肖邪屑437;孝械谢437;袗写褉437;袩褔褌437;

9;1;2;袠屑褟438;袨褌褔438;肖邪屑438;孝械谢438;袗写褉438;袩褔褌438;
9;1;2;袠屑褟439;袨褌褔439;肖邪屑439;孝械谢439;袗写褉439;袩褔褌439;
9;1;2;袠屑褟440;袨褌褔440;肖邪屑440;孝械谢440;袗写褉440;袩褔褌440;
9;1;1;袠屑褟441;袨褌褔441;肖邪屑441;孝械谢441;袗写褉441;袩褔褌441;
9;1;1;袠屑褟442;袨褌褔442;肖邪屑442;孝械谢442;袗写褉442;袩褔褌442;
9;1;1;袠屑褟443;袨褌褔443;肖邪屑443;孝械谢443;袗写褉443;袩褔褌443;
9;1;2;袠屑褟444;袨褌褔444;肖邪屑444;孝械谢444;袗写褉444;袩褔褌444;
9;1;1;袠屑褟445;袨褌褔445;肖邪屑445;孝械谢445;袗写褉445;袩褔褌445;
9;1;1;袠屑褟446;袨褌褔446;肖邪屑446;孝械谢446;袗写褉446;袩褔褌446;
9;1;2;袠屑褟447;袨褌褔447;肖邪屑447;孝械谢447;袗写褉447;袩褔褌447;
9;1;2;袠屑褟448;袨褌褔448;肖邪屑448;孝械谢448;袗写褉448;袩褔褌448;
9;1;1;袠屑褟449;袨褌褔449;肖邪屑449;孝械谢449;袗写褉449;袩褔褌449;
9;1;1;袠屑褟450;袨褌褔450;肖邪屑450;孝械谢450;袗写褉450;袩褔褌450;
9;1;1;袠屑褟451;袨褌褔451;肖邪屑451;孝械谢451;袗写褉451;袩褔褌451;
9;1;1;袠屑褟452;袨褌褔452;肖邪屑452;孝械谢452;袗写褉452;袩褔褌452;
9;1;2;袠屑褟453;袨褌褔453;肖邪屑453;孝械谢453;袗写褉453;袩褔褌453;

9;2;1;袠屑褟454;袨褌褔454;肖邪屑454;孝械谢454;袗写褉454;袩褔褌454;
9;2;2;袠屑褟455;袨褌褔455;肖邪屑455;孝械谢455;袗写褉455;袩褔褌455;
9;2;2;袠屑褟456;袨褌褔456;肖邪屑456;孝械谢456;袗写褉456;袩褔褌456;
9;2;1;袠屑褟457;袨褌褔457;肖邪屑457;孝械谢457;袗写褉457;袩褔褌457;
9;2;2;袠屑褟458;袨褌褔458;肖邪屑458;孝械谢458;袗写褉458;袩褔褌458;
9;2;1;袠屑褟459;袨褌褔459;肖邪屑459;孝械谢459;袗写褉459;袩褔褌459;
9;2;1;袠屑褟460;袨褌褔460;肖邪屑460;孝械谢460;袗写褉460;袩褔褌460;
9;2;1;袠屑褟461;袨褌褔461;肖邪屑461;孝械谢461;袗写褉461;袩褔褌461;
9;2;2;袠屑褟462;袨褌褔462;肖邪屑462;孝械谢462;袗写褉462;袩褔褌462;
9;2;2;袠屑褟463;袨褌褔463;肖邪屑463;孝械谢463;袗写褉463;袩褔褌463;
9;2;2;袠屑褟464;袨褌褔464;肖邪屑464;孝械谢464;袗写褉464;袩褔褌464;
9;2;1;袠屑褟465;袨褌褔465;肖邪屑465;孝械谢465;袗写褉465;袩褔褌465;
9;2;2;袠屑褟466;袨褌褔466;肖邪屑466;孝械谢466;袗写褉466;袩褔褌466;
9;2;2;袠屑褟467;袨褌褔467;肖邪屑467;孝械谢467;袗写褉467;袩褔褌467;
9;2;1;袠屑褟468;袨褌褔468;肖邪屑468;孝械谢468;袗写褉468;袩褔褌468;
9;2;2;袠屑褟469;袨褌褔469;肖邪屑469;孝械谢469;袗写褉469;袩褔褌469;
9;2;1;袠屑褟470;袨褌褔470;肖邪屑470;孝械谢470;袗写褉470;袩褔褌470;
9;2;1;袠屑褟471;袨褌褔471;肖邪屑471;孝械谢471;袗写褉471;袩褔褌471;

9;3;2;袠屑褟472;袨褌褔472;肖邪屑472;孝械谢472;袗写褉472;袩褔褌472;
9;3;1;袠屑褟473;袨褌褔473;肖邪屑473;孝械谢473;袗写褉473;袩褔褌473;
9;3;2;袠屑褟474;袨褌褔474;肖邪屑474;孝械谢474;袗写褉474;袩褔褌474;
9;3;1;袠屑褟475;袨褌褔475;肖邪屑475;孝械谢475;袗写褉475;袩褔褌475;
9;3;1;袠屑褟476;袨褌褔476;肖邪屑476;孝械谢476;袗写褉476;袩褔褌476;
9;3;1;袠屑褟477;袨褌褔477;肖邪屑477;孝械谢477;袗写褉477;袩褔褌477;
9;3;1;袠屑褟478;袨褌褔478;肖邪屑478;孝械谢478;袗写褉478;袩褔褌478;
9;3;1;袠屑褟479;袨褌褔479;肖邪屑479;孝械谢479;袗写褉479;袩褔褌479;
9;3;1;袠屑褟480;袨褌褔480;肖邪屑480;孝械谢480;袗写褉480;袩褔褌480;
9;3;1;袠屑褟481;袨褌褔481;肖邪屑481;孝械谢481;袗写褉481;袩褔褌481;
9;3;2;袠屑褟482;袨褌褔482;肖邪屑482;孝械谢482;袗写褉482;袩褔褌482;
9;3;2;袠屑褟483;袨褌褔483;肖邪屑483;孝械谢483;袗写褉483;袩褔褌483;
9;3;2;袠屑褟484;袨褌褔484;肖邪屑484;孝械谢484;袗写褉484;袩褔褌484;
9;3;1;袠屑褟485;袨褌褔485;肖邪屑485;孝械谢485;袗写褉485;袩褔褌485;
9;3;2;袠屑褟486;袨褌褔486;肖邪屑486;孝械谢486;袗写褉486;袩褔褌486;
9;3;2;袠屑褟487;袨褌褔487;肖邪屑487;孝械谢487;袗写褉487;袩褔褌487;
9;3;1;袠屑褟488;袨褌褔488;肖邪屑488;孝械谢488;袗写褉488;袩褔褌488;
9;3;2;袠屑褟489;袨褌褔489;肖邪屑489;孝械谢489;袗写褉489;袩褔褌489;
9;3;1;袠屑褟490;袨褌褔490;肖邪屑490;孝械谢490;袗写褉490;袩褔褌490;
9;3;1;袠屑褟491;袨褌褔491;肖邪屑491;孝械谢491;袗写褉491;袩褔褌491;

9;4;1;袠屑褟492;袨褌褔492;肖邪屑492;孝械谢492;袗写褉492;袩褔褌492;
9;4;2;袠屑褟493;袨褌褔493;肖邪屑493;孝械谢493;袗写褉493;袩褔褌493;
9;4;1;袠屑褟494;袨褌褔494;肖邪屑494;孝械谢494;袗写褉494;袩褔褌494;
9;4;1;袠屑褟495;袨褌褔495;肖邪屑495;孝械谢495;袗写褉495;袩褔褌495;
9;4;2;袠屑褟496;袨褌褔496;肖邪屑496;孝械谢496;袗写褉496;袩褔褌496;
9;4;2;袠屑褟497;袨褌褔497;肖邪屑497;孝械谢497;袗写褉497;袩褔褌497;
9;4;2;袠屑褟498;袨褌褔498;肖邪屑498;孝械谢498;袗写褉498;袩褔褌498;
9;4;2;袠屑褟499;袨褌褔499;肖邪屑499;孝械谢499;袗写褉499;袩褔褌499;
9;4;2;袠屑褟500;袨褌褔500;肖邪屑500;孝械谢500;袗写褉500;袩褔褌500;
9;4;1;袠屑褟501;袨褌褔501;肖邪屑501;孝械谢501;袗写褉501;袩褔褌501;
9;4;2;袠屑褟502;袨褌褔502;肖邪屑502;孝械谢502;袗写褉502;袩褔褌502;
9;4;2;袠屑褟503;袨褌褔503;肖邪屑503;孝械谢503;袗写褉503;袩褔褌503;
9;4;1;袠屑褟504;袨褌褔504;肖邪屑504;孝械谢504;袗写褉504;袩褔褌504;
9;4;2;袠屑褟505;袨褌褔505;肖邪屑505;孝械谢505;袗写褉505;袩褔褌505;

9;5;2;袠屑褟506;袨褌褔506;肖邪屑506;孝械谢506;袗写褉506;袩褔褌506;
9;5;2;袠屑褟507;袨褌褔507;肖邪屑507;孝械谢507;袗写褉507;袩褔褌507;
9;5;1;袠屑褟508;袨褌褔508;肖邪屑508;孝械谢508;袗写褉508;袩褔褌508;
9;5;1;袠屑褟509;袨褌褔509;肖邪屑509;孝械谢509;袗写褉509;袩褔褌509;
9;5;1;袠屑褟510;袨褌褔510;肖邪屑510;孝械谢510;袗写褉510;袩褔褌510;
9;5;2;袠屑褟511;袨褌褔511;肖邪屑511;孝械谢511;袗写褉511;袩褔褌511;
9;5;1;袠屑褟512;袨褌褔512;肖邪屑512;孝械谢512;袗写褉512;袩褔褌512;
9;5;1;袠屑褟513;袨褌褔513;肖邪屑513;孝械谢513;袗写褉513;袩褔褌513;
9;5;2;袠屑褟514;袨褌褔514;肖邪屑514;孝械谢514;袗写褉514;袩褔褌514;
9;5;1;袠屑褟515;袨褌褔515;肖邪屑515;孝械谢515;袗写褉515;袩褔褌515;
9;5;1;袠屑褟516;袨褌褔516;肖邪屑516;孝械谢516;袗写褉516;袩褔褌516;
9;5;2;袠屑褟517;袨褌褔517;肖邪屑517;孝械谢517;袗写褉517;袩褔褌517;
9;5;1;袠屑褟518;袨褌褔518;肖邪屑518;孝械谢518;袗写褉518;袩褔褌518;
9;5;1;袠屑褟519;袨褌褔519;肖邪屑519;孝械谢519;袗写褉519;袩褔褌519;
9;5;1;袠屑褟520;袨褌褔520;肖邪屑520;孝械谢520;袗写褉520;袩褔褌520;
9;5;1;袠屑褟521;袨褌褔521;肖邪屑521;孝械谢521;袗写褉521;袩褔褌521;
9;5;1;袠屑褟522;袨褌褔522;肖邪屑522;孝械谢522;袗写褉522;袩褔褌522;
9;5;2;袠屑褟523;袨褌褔523;肖邪屑523;孝械谢523;袗写褉523;袩褔褌523;
9;5;2;袠屑褟524;袨褌褔524;肖邪屑524;孝械谢524;袗写褉524;袩褔褌524;
9;5;1;袠屑褟525;袨褌褔525;肖邪屑525;孝械谢525;袗写褉525;袩褔褌525;

10;1;2;袠屑褟526;袨褌褔526;肖邪屑526;孝械谢526;袗写褉526;袩褔褌526;
10;1;2;袠屑褟527;袨褌褔527;肖邪屑527;孝械谢527;袗写褉527;袩褔褌527;
10;1;2;袠屑褟528;袨褌褔528;肖邪屑528;孝械谢528;袗写褉528;袩褔褌528;
10;1;1;袠屑褟529;袨褌褔529;肖邪屑529;孝械谢529;袗写褉529;袩褔褌529;
10;1;2;袠屑褟530;袨褌褔530;肖邪屑530;孝械谢530;袗写褉530;袩褔褌530;
10;1;2;袠屑褟531;袨褌褔531;肖邪屑531;孝械谢531;袗写褉531;袩褔褌531;
10;1;2;袠屑褟532;袨褌褔532;肖邪屑532;孝械谢532;袗写褉532;袩褔褌532;
10;1;1;袠屑褟533;袨褌褔533;肖邪屑533;孝械谢533;袗写褉533;袩褔褌533;
10;1;1;袠屑褟534;袨褌褔534;肖邪屑534;孝械谢534;袗写褉534;袩褔褌534;
10;1;2;袠屑褟535;袨褌褔535;肖邪屑535;孝械谢535;袗写褉535;袩褔褌535;

10;2;2;袠屑褟536;袨褌褔536;肖邪屑536;孝械谢536;袗写褉536;袩褔褌536;
10;2;1;袠屑褟537;袨褌褔537;肖邪屑537;孝械谢537;袗写褉537;袩褔褌537;
10;2;1;袠屑褟538;袨褌褔538;肖邪屑538;孝械谢538;袗写褉538;袩褔褌538;
10;2;2;袠屑褟539;袨褌褔539;肖邪屑539;孝械谢539;袗写褉539;袩褔褌539;
10;2;2;袠屑褟540;袨褌褔540;肖邪屑540;孝械谢540;袗写褉540;袩褔褌540;
10;2;2;袠屑褟541;袨褌褔541;肖邪屑541;孝械谢541;袗写褉541;袩褔褌541;
10;2;2;袠屑褟542;袨褌褔542;肖邪屑542;孝械谢542;袗写褉542;袩褔褌542;
10;2;1;袠屑褟543;袨褌褔543;肖邪屑543;孝械谢543;袗写褉543;袩褔褌543;
10;2;1;袠屑褟544;袨褌褔544;肖邪屑544;孝械谢544;袗写褉544;袩褔褌544;
10;2;2;袠屑褟545;袨褌褔545;肖邪屑545;孝械谢545;袗写褉545;袩褔褌545;
10;2;1;袠屑褟546;袨褌褔546;肖邪屑546;孝械谢546;袗写褉546;袩褔褌546;
10;2;1;袠屑褟547;袨褌褔547;肖邪屑547;孝械谢547;袗写褉547;袩褔褌547;
10;2;1;袠屑褟548;袨褌褔548;肖邪屑548;孝械谢548;袗写褉548;袩褔褌548;
10;2;1;袠屑褟549;袨褌褔549;肖邪屑549;孝械谢549;袗写褉549;袩褔褌549;
10;2;2;袠屑褟550;袨褌褔550;肖邪屑550;孝械谢550;袗写褉550;袩褔褌550;
10;2;2;袠屑褟551;袨褌褔551;肖邪屑551;孝械谢551;袗写褉551;袩褔褌551;

10;3;2;袠屑褟552;袨褌褔552;肖邪屑552;孝械谢552;袗写褉552;袩褔褌552;
10;3;1;袠屑褟553;袨褌褔553;肖邪屑553;孝械谢553;袗写褉553;袩褔褌553;
10;3;2;袠屑褟554;袨褌褔554;肖邪屑554;孝械谢554;袗写褉554;袩褔褌554;
10;3;2;袠屑褟555;袨褌褔555;肖邪屑555;孝械谢555;袗写褉555;袩褔褌555;
10;3;1;袠屑褟556;袨褌褔556;肖邪屑556;孝械谢556;袗写褉556;袩褔褌556;
10;3;2;袠屑褟557;袨褌褔557;肖邪屑557;孝械谢557;袗写褉557;袩褔褌557;
10;3;1;袠屑褟558;袨褌褔558;肖邪屑558;孝械谢558;袗写褉558;袩褔褌558;
10;3;2;袠屑褟559;袨褌褔559;肖邪屑559;孝械谢559;袗写褉559;袩褔褌559;
10;3;2;袠屑褟560;袨褌褔560;肖邪屑560;孝械谢560;袗写褉560;袩褔褌560;
10;3;2;袠屑褟561;袨褌褔561;肖邪屑561;孝械谢561;袗写褉561;袩褔褌561;
10;3;2;袠屑褟562;袨褌褔562;肖邪屑562;孝械谢562;袗写褉562;袩褔褌562;
10;3;1;袠屑褟563;袨褌褔563;肖邪屑563;孝械谢563;袗写褉563;袩褔褌563;
10;3;1;袠屑褟564;袨褌褔564;肖邪屑564;孝械谢564;袗写褉564;袩褔褌564;
10;3;1;袠屑褟565;袨褌褔565;肖邪屑565;孝械谢565;袗写褉565;袩褔褌565;
10;3;2;袠屑褟566;袨褌褔566;肖邪屑566;孝械谢566;袗写褉566;袩褔褌566;

10;4;1;袠屑褟567;袨褌褔567;肖邪屑567;孝械谢567;袗写褉567;袩褔褌567;
10;4;1;袠屑褟568;袨褌褔568;肖邪屑568;孝械谢568;袗写褉568;袩褔褌568;
10;4;1;袠屑褟569;袨褌褔569;肖邪屑569;孝械谢569;袗写褉569;袩褔褌569;
10;4;1;袠屑褟570;袨褌褔570;肖邪屑570;孝械谢570;袗写褉570;袩褔褌570;
10;4;1;袠屑褟571;袨褌褔571;肖邪屑571;孝械谢571;袗写褉571;袩褔褌571;
10;4;1;袠屑褟572;袨褌褔572;肖邪屑572;孝械谢572;袗写褉572;袩褔褌572;
10;4;2;袠屑褟573;袨褌褔573;肖邪屑573;孝械谢573;袗写褉573;袩褔褌573;
10;4;1;袠屑褟574;袨褌褔574;肖邪屑574;孝械谢574;袗写褉574;袩褔褌574;
10;4;2;袠屑褟575;袨褌褔575;肖邪屑575;孝械谢575;袗写褉575;袩褔褌575;
10;4;2;袠屑褟576;袨褌褔576;肖邪屑576;孝械谢576;袗写褉576;袩褔褌576;
10;4;1;袠屑褟577;袨褌褔577;肖邪屑577;孝械谢577;袗写褉577;袩褔褌577;
10;4;2;袠屑褟578;袨褌褔578;肖邪屑578;孝械谢578;袗写褉578;袩褔褌578;
10;4;1;袠屑褟579;袨褌褔579;肖邪屑579;孝械谢579;袗写褉579;袩褔褌579;
10;4;2;袠屑褟580;袨褌褔580;肖邪屑580;孝械谢580;袗写褉580;袩褔褌580;
10;4;2;袠屑褟581;袨褌褔581;肖邪屑581;孝械谢581;袗写褉581;袩褔褌581;
10;4;1;袠屑褟582;袨褌褔582;肖邪屑582;孝械谢582;袗写褉582;袩褔褌582;

11;1;1;袠屑褟583;袨褌褔583;肖邪屑583;孝械谢583;袗写褉583;袩褔褌583;
11;1;2;袠屑褟584;袨褌褔584;肖邪屑584;孝械谢584;袗写褉584;袩褔褌584;
11;1;2;袠屑褟585;袨褌褔585;肖邪屑585;孝械谢585;袗写褉585;袩褔褌585;
11;1;1;袠屑褟586;袨褌褔586;肖邪屑586;孝械谢586;袗写褉586;袩褔褌586;
11;1;1;袠屑褟587;袨褌褔587;肖邪屑587;孝械谢587;袗写褉587;袩褔褌587;
11;1;1;袠屑褟588;袨褌褔588;肖邪屑588;孝械谢588;袗写褉588;袩褔褌588;
11;1;1;袠屑褟589;袨褌褔589;肖邪屑589;孝械谢589;袗写褉589;袩褔褌589;
11;1;2;袠屑褟590;袨褌褔590;肖邪屑590;孝械谢590;袗写褉590;袩褔褌590;
11;1;1;袠屑褟591;袨褌褔591;肖邪屑591;孝械谢591;袗写褉591;袩褔褌591;
11;1;2;袠屑褟592;袨褌褔592;肖邪屑592;孝械谢592;袗写褉592;袩褔褌592;
11;1;2;袠屑褟593;袨褌褔593;肖邪屑593;孝械谢593;袗写褉593;袩褔褌593;
11;1;2;袠屑褟594;袨褌褔594;肖邪屑594;孝械谢594;袗写褉594;袩褔褌594;
11;1;1;袠屑褟595;袨褌褔595;肖邪屑595;孝械谢595;袗写褉595;袩褔褌595;
11;1;1;袠屑褟596;袨褌褔596;肖邪屑596;孝械谢596;袗写褉596;袩褔褌596;
11;1;1;袠屑褟597;袨褌褔597;肖邪屑597;孝械谢597;袗写褉597;袩褔褌597;

11;2;1;袠屑褟598;袨褌褔598;肖邪屑598;孝械谢598;袗写褉598;袩褔褌598;
11;2;1;袠屑褟599;袨褌褔599;肖邪屑599;孝械谢599;袗写褉599;袩褔褌599;
11;2;1;袠屑褟600;袨褌褔600;肖邪屑600;孝械谢600;袗写褉600;袩褔褌600;
11;2;1;袠屑褟601;袨褌褔601;肖邪屑601;孝械谢601;袗写褉601;袩褔褌601;
11;2;2;袠屑褟602;袨褌褔602;肖邪屑602;孝械谢602;袗写褉602;袩褔褌602;
11;2;2;袠屑褟603;袨褌褔603;肖邪屑603;孝械谢603;袗写褉603;袩褔褌603;
11;2;2;袠屑褟604;袨褌褔604;肖邪屑604;孝械谢604;袗写褉604;袩褔褌604;
11;2;2;袠屑褟605;袨褌褔605;肖邪屑605;孝械谢605;袗写褉605;袩褔褌605;
11;2;2;袠屑褟606;袨褌褔606;肖邪屑606;孝械谢606;袗写褉606;袩褔褌606;
11;2;2;袠屑褟607;袨褌褔607;肖邪屑607;孝械谢607;袗写褉607;袩褔褌607;
11;2;1;袠屑褟608;袨褌褔608;肖邪屑608;孝械谢608;袗写褉608;袩褔褌608;
11;2;1;袠屑褟609;袨褌褔609;肖邪屑609;孝械谢609;袗写褉609;袩褔褌609;
11;2;2;袠屑褟610;袨褌褔610;肖邪屑610;孝械谢610;袗写褉610;袩褔褌610;
11;2;1;袠屑褟611;袨褌褔611;肖邪屑611;孝械谢611;袗写褉611;袩褔褌611;
11;2;2;袠屑褟612;袨褌褔612;肖邪屑612;孝械谢612;袗写褉612;袩褔褌612;
11;2;1;袠屑褟613;袨褌褔613;肖邪屑613;孝械谢613;袗写褉613;袩褔褌613;

11;3;2;袠屑褟614;袨褌褔614;肖邪屑614;孝械谢614;袗写褉614;袩褔褌614;
11;3;1;袠屑褟615;袨褌褔615;肖邪屑615;孝械谢615;袗写褉615;袩褔褌615;
11;3;2;袠屑褟616;袨褌褔616;肖邪屑616;孝械谢616;袗写褉616;袩褔褌616;
11;3;1;袠屑褟617;袨褌褔617;肖邪屑617;孝械谢617;袗写褉617;袩褔褌617;
11;3;1;袠屑褟618;袨褌褔618;肖邪屑618;孝械谢618;袗写褉618;袩褔褌618;
11;3;1;袠屑褟619;袨褌褔619;肖邪屑619;孝械谢619;袗写褉619;袩褔褌619;
11;3;1;袠屑褟620;袨褌褔620;肖邪屑620;孝械谢620;袗写褉620;袩褔褌620;
11;3;2;袠屑褟621;袨褌褔621;肖邪屑621;孝械谢621;袗写褉621;袩褔褌621;
11;3;1;袠屑褟622;袨褌褔622;肖邪屑622;孝械谢622;袗写褉622;袩褔褌622;
11;3;1;袠屑褟623;袨褌褔623;肖邪屑623;孝械谢623;袗写褉623;袩褔褌623;
11;3;2;袠屑褟624;袨褌褔624;肖邪屑624;孝械谢624;袗写褉624;袩褔褌624;
11;3;1;袠屑褟625;袨褌褔625;肖邪屑625;孝械谢625;袗写褉625;袩褔褌625;
11;3;1;袠屑褟626;袨褌褔626;肖邪屑626;孝械谢626;袗写褉626;袩褔褌626;
11;3;1;袠屑褟627;袨褌褔627;肖邪屑627;孝械谢627;袗写褉627;袩褔褌627;
11;3;2;袠屑褟628;袨褌褔628;肖邪屑628;孝械谢628;袗写褉628;袩褔褌628;
11;3;1;袠屑褟629;袨褌褔629;肖邪屑629;孝械谢629;袗写褉629;袩褔褌629;
11;3;2;袠屑褟630;袨褌褔630;肖邪屑630;孝械谢630;袗写褉630;袩褔褌630;

11;4;1;袠屑褟631;袨褌褔631;肖邪屑631;孝械谢631;袗写褉631;袩褔褌631;
11;4;1;袠屑褟632;袨褌褔632;肖邪屑632;孝械谢632;袗写褉632;袩褔褌632;
11;4;2;袠屑褟633;袨褌褔633;肖邪屑633;孝械谢633;袗写褉633;袩褔褌633;
11;4;1;袠屑褟634;袨褌褔634;肖邪屑634;孝械谢634;袗写褉634;袩褔褌634;
11;4;1;袠屑褟635;袨褌褔635;肖邪屑635;孝械谢635;袗写褉635;袩褔褌635;
11;4;1;袠屑褟636;袨褌褔636;肖邪屑636;孝械谢636;袗写褉636;袩褔褌636;
11;4;1;袠屑褟637;袨褌褔637;肖邪屑637;孝械谢637;袗写褉637;袩褔褌637;
11;4;2;袠屑褟638;袨褌褔638;肖邪屑638;孝械谢638;袗写褉638;袩褔褌638;
11;4;1;袠屑褟639;袨褌褔639;肖邪屑639;孝械谢639;袗写褉639;袩褔褌639;
11;4;1;袠屑褟640;袨褌褔640;肖邪屑640;孝械谢640;袗写褉640;袩褔褌640;
11;4;1;袠屑褟641;袨褌褔641;肖邪屑641;孝械谢641;袗写褉641;袩褔褌641;
11;4;2;袠屑褟642;袨褌褔642;肖邪屑642;孝械谢642;袗写褉642;袩褔褌642;
11;4;1;袠屑褟643;袨褌褔643;肖邪屑643;孝械谢643;袗写褉643;袩褔褌643;
11;4;2;袠屑褟644;袨褌褔644;肖邪屑644;孝械谢644;袗写褉644;袩褔褌644;
11;4;2;袠屑褟645;袨褌褔645;肖邪屑645;孝械谢645;袗写褉645;袩褔褌645;
11;4;2;袠屑褟646;袨褌褔646;肖邪屑646;孝械谢646;袗写褉646;袩褔褌646;
